sample_id	library_id	assay	nucleic_acid	source	season	group	timepoint	replicate	pair_id_candidate	pairing_status	collection_month	sampling_date	read1	read2	biosample_accession	sra_run_accession	metadata_status
H1_H1	H1_H1	metagenome	DNA	river	dry	river:dry	T01	1	H_T01_rep1	inferred_from_alias	2024-11		data/raw/H1_H1.R1.fq.gz	data/raw/H1_H1.R2.fq.gz			submission_template_only
H1_H2	H1_H2	metagenome	DNA	river	dry	river:dry	T01	2	H_T01_rep2	inferred_from_alias	2024-11		data/raw/H1_H2.R1.fq.gz	data/raw/H1_H2.R2.fq.gz			submission_template_only
H1_J1	H1_J1	metagenome	DNA	groundwater	dry	groundwater:dry	T01	1	H_T01_rep1	inferred_from_alias	2024-11		data/raw/H1_J1.R1.fq.gz	data/raw/H1_J1.R2.fq.gz			submission_template_only
H1_J2	H1_J2	metagenome	DNA	groundwater	dry	groundwater:dry	T01	2	H_T01_rep2	inferred_from_alias	2024-11		data/raw/H1_J2.R1.fq.gz	data/raw/H1_J2.R2.fq.gz			submission_template_only
H2_H1	H2_H1	metagenome	DNA	river	dry	river:dry	T02	1	H_T02_rep1	inferred_from_alias	2024-12		data/raw/H2_H1.R1.fq.gz	data/raw/H2_H1.R2.fq.gz			submission_template_only
H2_H2	H2_H2	metagenome	DNA	river	dry	river:dry	T02	2	H_T02_rep2	inferred_from_alias	2024-12		data/raw/H2_H2.R1.fq.gz	data/raw/H2_H2.R2.fq.gz			submission_template_only
H2_J1	H2_J1	metagenome	DNA	groundwater	dry	groundwater:dry	T02	1	H_T02_rep1	inferred_from_alias	2024-12		data/raw/H2_J1.R1.fq.gz	data/raw/H2_J1.R2.fq.gz			submission_template_only
H2_J2	H2_J2	metagenome	DNA	groundwater	dry	groundwater:dry	T02	2	H_T02_rep2	inferred_from_alias	2024-12		data/raw/H2_J2.R1.fq.gz	data/raw/H2_J2.R2.fq.gz			submission_template_only
H3_H1	H3_H1	metagenome	DNA	river	dry	river:dry	T03	1	H_T03_rep1	inferred_from_alias	2025-01		data/raw/H3_H1.R1.fq.gz	data/raw/H3_H1.R2.fq.gz			submission_template_only
H3_H2	H3_H2	metagenome	DNA	river	dry	river:dry	T03	2	H_T03_rep2	inferred_from_alias	2025-01		data/raw/H3_H2.R1.fq.gz	data/raw/H3_H2.R2.fq.gz			submission_template_only
H3_J1	H3_J1	metagenome	DNA	groundwater	dry	groundwater:dry	T03	1	H_T03_rep1	inferred_from_alias	2025-01		data/raw/H3_J1.R1.fq.gz	data/raw/H3_J1.R2.fq.gz			submission_template_only
H3_J2	H3_J2	metagenome	DNA	groundwater	dry	groundwater:dry	T03	2	H_T03_rep2	inferred_from_alias	2025-01		data/raw/H3_J2.R1.fq.gz	data/raw/H3_J2.R2.fq.gz			submission_template_only
H4_H1	H4_H1	metagenome	DNA	river	dry	river:dry	T04	1	H_T04_rep1	inferred_from_alias	2025-02		data/raw/H4_H1.R1.fq.gz	data/raw/H4_H1.R2.fq.gz			submission_template_only
H4_H2	H4_H2	metagenome	DNA	river	dry	river:dry	T04	2	H_T04_rep2	inferred_from_alias	2025-02		data/raw/H4_H2.R1.fq.gz	data/raw/H4_H2.R2.fq.gz			submission_template_only
H4_J1	H4_J1	metagenome	DNA	groundwater	dry	groundwater:dry	T04	1	H_T04_rep1	inferred_from_alias	2025-02		data/raw/H4_J1.R1.fq.gz	data/raw/H4_J1.R2.fq.gz			submission_template_only
H4_J2	H4_J2	metagenome	DNA	groundwater	dry	groundwater:dry	T04	2	H_T04_rep2	inferred_from_alias	2025-02		data/raw/H4_J2.R1.fq.gz	data/raw/H4_J2.R2.fq.gz			submission_template_only
H5_H1	H5_H1	metagenome	DNA	river	dry	river:dry	T05	1	H_T05_rep1	inferred_from_alias	2025-03		data/raw/H5_H1.R1.fq.gz	data/raw/H5_H1.R2.fq.gz			submission_template_only
H5_H2	H5_H2	metagenome	DNA	river	dry	river:dry	T05	2	H_T05_rep2	inferred_from_alias	2025-03		data/raw/H5_H2.R1.fq.gz	data/raw/H5_H2.R2.fq.gz			submission_template_only
H5_J1	H5_J1	metagenome	DNA	groundwater	dry	groundwater:dry	T05	1	H_T05_rep1	inferred_from_alias	2025-03		data/raw/H5_J1.R1.fq.gz	data/raw/H5_J1.R2.fq.gz			submission_template_only
H5_J2	H5_J2	metagenome	DNA	groundwater	dry	groundwater:dry	T05	2	H_T05_rep2	inferred_from_alias	2025-03		data/raw/H5_J2.R1.fq.gz	data/raw/H5_J2.R2.fq.gz			submission_template_only
H6_H1	H6_H1	metagenome	DNA	river	wet	river:wet	T06	1	H_T06_rep1	inferred_from_alias	2025-04		data/raw/H6_H1.R1.fq.gz	data/raw/H6_H1.R2.fq.gz			submission_template_only
H6_H2	H6_H2	metagenome	DNA	river	wet	river:wet	T06	2	H_T06_rep2	inferred_from_alias	2025-04		data/raw/H6_H2.R1.fq.gz	data/raw/H6_H2.R2.fq.gz			submission_template_only
H6_J1	H6_J1	metagenome	DNA	groundwater	wet	groundwater:wet	T06	1	H_T06_rep1	inferred_from_alias	2025-04		data/raw/H6_J1.R1.fq.gz	data/raw/H6_J1.R2.fq.gz			submission_template_only
H6_J2	H6_J2	metagenome	DNA	groundwater	wet	groundwater:wet	T06	2	H_T06_rep2	inferred_from_alias	2025-04		data/raw/H6_J2.R1.fq.gz	data/raw/H6_J2.R2.fq.gz			submission_template_only
H7_H1	H7_H1	metagenome	DNA	river	wet	river:wet	T07	1	H_T07_rep1	inferred_from_alias	2025-05		data/raw/H7_H1.R1.fq.gz	data/raw/H7_H1.R2.fq.gz			submission_template_only
H7_H2	H7_H2	metagenome	DNA	river	wet	river:wet	T07	2	H_T07_rep2	inferred_from_alias	2025-05		data/raw/H7_H2.R1.fq.gz	data/raw/H7_H2.R2.fq.gz			submission_template_only
H7_J1	H7_J1	metagenome	DNA	groundwater	wet	groundwater:wet	T07	1	H_T07_rep1	inferred_from_alias	2025-05		data/raw/H7_J1.R1.fq.gz	data/raw/H7_J1.R2.fq.gz			submission_template_only
H7_J2	H7_J2	metagenome	DNA	groundwater	wet	groundwater:wet	T07	2	H_T07_rep2	inferred_from_alias	2025-05		data/raw/H7_J2.R1.fq.gz	data/raw/H7_J2.R2.fq.gz			submission_template_only
H8_H1	H8_H1	metagenome	DNA	river	wet	river:wet	T08	1	H_T08_rep1	inferred_from_alias	2025-07		data/raw/H8_H1.R1.fq.gz	data/raw/H8_H1.R2.fq.gz			submission_template_only
H8_H2	H8_H2	metagenome	DNA	river	wet	river:wet	T08	2	H_T08_rep2	inferred_from_alias	2025-07		data/raw/H8_H2.R1.fq.gz	data/raw/H8_H2.R2.fq.gz			submission_template_only
H8_J1	H8_J1	metagenome	DNA	groundwater	wet	groundwater:wet	T08	1	H_T08_rep1	inferred_from_alias	2025-07		data/raw/H8_J1.R1.fq.gz	data/raw/H8_J1.R2.fq.gz			submission_template_only
H8_J2	H8_J2	metagenome	DNA	groundwater	wet	groundwater:wet	T08	2	H_T08_rep2	inferred_from_alias	2025-07		data/raw/H8_J2.R1.fq.gz	data/raw/H8_J2.R2.fq.gz			submission_template_only
H9_H1	H9_H1	metagenome	DNA	river	wet	river:wet	T09	1	H_T09_rep1	inferred_from_alias	2025-08		data/raw/H9_H1.R1.fq.gz	data/raw/H9_H1.R2.fq.gz			submission_template_only
H9_H2	H9_H2	metagenome	DNA	river	wet	river:wet	T09	2	H_T09_rep2	inferred_from_alias	2025-08		data/raw/H9_H2.R1.fq.gz	data/raw/H9_H2.R2.fq.gz			submission_template_only
H9_J1	H9_J1	metagenome	DNA	groundwater	wet	groundwater:wet	T09	1	H_T09_rep1	inferred_from_alias	2025-08		data/raw/H9_J1.R1.fq.gz	data/raw/H9_J1.R2.fq.gz			submission_template_only
H9_J2	H9_J2	metagenome	DNA	groundwater	wet	groundwater:wet	T09	2	H_T09_rep2	inferred_from_alias	2025-08		data/raw/H9_J2.R1.fq.gz	data/raw/H9_J2.R2.fq.gz			submission_template_only
D1_H1	D1_H1	dna_virome	DNA	river	dry	river:dry	T01	1	D_T01_rep1	inferred_from_alias	2024-11		data/raw/D1_H1.R1.fq.gz	data/raw/D1_H1.R2.fq.gz			submission_template_only
D1_H2	D1_H2	dna_virome	DNA	river	dry	river:dry	T01	2	D_T01_rep2	inferred_from_alias	2024-11		data/raw/D1_H2.R1.fq.gz	data/raw/D1_H2.R2.fq.gz			submission_template_only
D1_J1	D1_J1	dna_virome	DNA	groundwater	dry	groundwater:dry	T01	1	D_T01_rep1	inferred_from_alias	2024-11		data/raw/D1_J1.R1.fq.gz	data/raw/D1_J1.R2.fq.gz			submission_template_only
D1_J2	D1_J2	dna_virome	DNA	groundwater	dry	groundwater:dry	T01	2	D_T01_rep2	inferred_from_alias	2024-11		data/raw/D1_J2.R1.fq.gz	data/raw/D1_J2.R2.fq.gz			submission_template_only
D2_H1	D2_H1	dna_virome	DNA	river	dry	river:dry	T02	1	D_T02_rep1	inferred_from_alias	2024-12		data/raw/D2_H1.R1.fq.gz	data/raw/D2_H1.R2.fq.gz			submission_template_only
D2_H2	D2_H2	dna_virome	DNA	river	dry	river:dry	T02	2	D_T02_rep2	inferred_from_alias	2024-12		data/raw/D2_H2.R1.fq.gz	data/raw/D2_H2.R2.fq.gz			submission_template_only
D2_J1	D2_J1	dna_virome	DNA	groundwater	dry	groundwater:dry	T02	1	D_T02_rep1	inferred_from_alias	2024-12		data/raw/D2_J1.R1.fq.gz	data/raw/D2_J1.R2.fq.gz			submission_template_only
D2_J2	D2_J2	dna_virome	DNA	groundwater	dry	groundwater:dry	T02	2	D_T02_rep2	inferred_from_alias	2024-12		data/raw/D2_J2.R1.fq.gz	data/raw/D2_J2.R2.fq.gz			submission_template_only
D3_H1	D3_H1	dna_virome	DNA	river	dry	river:dry	T03	1	D_T03_rep1	inferred_from_alias	2025-01		data/raw/D3_H1.R1.fq.gz	data/raw/D3_H1.R2.fq.gz			submission_template_only
D3_H2	D3_H2	dna_virome	DNA	river	dry	river:dry	T03	2	D_T03_rep2	inferred_from_alias	2025-01		data/raw/D3_H2.R1.fq.gz	data/raw/D3_H2.R2.fq.gz			submission_template_only
D3_J1	D3_J1	dna_virome	DNA	groundwater	dry	groundwater:dry	T03	1	D_T03_rep1	inferred_from_alias	2025-01		data/raw/D3_J1.R1.fq.gz	data/raw/D3_J1.R2.fq.gz			submission_template_only
D3_J2	D3_J2	dna_virome	DNA	groundwater	dry	groundwater:dry	T03	2	D_T03_rep2	inferred_from_alias	2025-01		data/raw/D3_J2.R1.fq.gz	data/raw/D3_J2.R2.fq.gz			submission_template_only
D4_H1	D4_H1	dna_virome	DNA	river	dry	river:dry	T04	1	D_T04_rep1	inferred_from_alias	2025-02		data/raw/D4_H1.R1.fq.gz	data/raw/D4_H1.R2.fq.gz			submission_template_only
D4_H2	D4_H2	dna_virome	DNA	river	dry	river:dry	T04	2	D_T04_rep2	inferred_from_alias	2025-02		data/raw/D4_H2.R1.fq.gz	data/raw/D4_H2.R2.fq.gz			submission_template_only
D4_J1	D4_J1	dna_virome	DNA	groundwater	dry	groundwater:dry	T04	1	D_T04_rep1	inferred_from_alias	2025-02		data/raw/D4_J1.R1.fq.gz	data/raw/D4_J1.R2.fq.gz			submission_template_only
D4_J2	D4_J2	dna_virome	DNA	groundwater	dry	groundwater:dry	T04	2	D_T04_rep2	inferred_from_alias	2025-02		data/raw/D4_J2.R1.fq.gz	data/raw/D4_J2.R2.fq.gz			submission_template_only
D5_H1	D5_H1	dna_virome	DNA	river	dry	river:dry	T05	1	D_T05_rep1	inferred_from_alias	2025-03		data/raw/D5_H1.R1.fq.gz	data/raw/D5_H1.R2.fq.gz			submission_template_only
D5_H2	D5_H2	dna_virome	DNA	river	dry	river:dry	T05	2	D_T05_rep2	inferred_from_alias	2025-03		data/raw/D5_H2.R1.fq.gz	data/raw/D5_H2.R2.fq.gz			submission_template_only
D5_J1	D5_J1	dna_virome	DNA	groundwater	dry	groundwater:dry	T05	1	D_T05_rep1	inferred_from_alias	2025-03		data/raw/D5_J1.R1.fq.gz	data/raw/D5_J1.R2.fq.gz			submission_template_only
D5_J2	D5_J2	dna_virome	DNA	groundwater	dry	groundwater:dry	T05	2	D_T05_rep2	inferred_from_alias	2025-03		data/raw/D5_J2.R1.fq.gz	data/raw/D5_J2.R2.fq.gz			submission_template_only
D6_H1	D6_H1	dna_virome	DNA	river	wet	river:wet	T06	1	D_T06_rep1	inferred_from_alias	2025-04		data/raw/D6_H1.R1.fq.gz	data/raw/D6_H1.R2.fq.gz			submission_template_only
D6_H2	D6_H2	dna_virome	DNA	river	wet	river:wet	T06	2	D_T06_rep2	inferred_from_alias	2025-04		data/raw/D6_H2.R1.fq.gz	data/raw/D6_H2.R2.fq.gz			submission_template_only
D6_J1	D6_J1	dna_virome	DNA	groundwater	wet	groundwater:wet	T06	1	D_T06_rep1	inferred_from_alias	2025-04		data/raw/D6_J1.R1.fq.gz	data/raw/D6_J1.R2.fq.gz			submission_template_only
D6_J2	D6_J2	dna_virome	DNA	groundwater	wet	groundwater:wet	T06	2	D_T06_rep2	inferred_from_alias	2025-04		data/raw/D6_J2.R1.fq.gz	data/raw/D6_J2.R2.fq.gz			submission_template_only
D7_H1	D7_H1	dna_virome	DNA	river	wet	river:wet	T07	1	D_T07_rep1	inferred_from_alias	2025-05		data/raw/D7_H1.R1.fq.gz	data/raw/D7_H1.R2.fq.gz			submission_template_only
D7_H2	D7_H2	dna_virome	DNA	river	wet	river:wet	T07	2	D_T07_rep2	inferred_from_alias	2025-05		data/raw/D7_H2.R1.fq.gz	data/raw/D7_H2.R2.fq.gz			submission_template_only
D7_J1	D7_J1	dna_virome	DNA	groundwater	wet	groundwater:wet	T07	1	D_T07_rep1	inferred_from_alias	2025-05		data/raw/D7_J1.R1.fq.gz	data/raw/D7_J1.R2.fq.gz			submission_template_only
D7_J2	D7_J2	dna_virome	DNA	groundwater	wet	groundwater:wet	T07	2	D_T07_rep2	inferred_from_alias	2025-05		data/raw/D7_J2.R1.fq.gz	data/raw/D7_J2.R2.fq.gz			submission_template_only
D8_H1	D8_H1	dna_virome	DNA	river	wet	river:wet	T08	1	D_T08_rep1	inferred_from_alias	2025-07		data/raw/D8_H1.R1.fq.gz	data/raw/D8_H1.R2.fq.gz			submission_template_only
D8_H2	D8_H2	dna_virome	DNA	river	wet	river:wet	T08	2	D_T08_rep2	inferred_from_alias	2025-07		data/raw/D8_H2.R1.fq.gz	data/raw/D8_H2.R2.fq.gz			submission_template_only
D8_J1	D8_J1	dna_virome	DNA	groundwater	wet	groundwater:wet	T08	1	D_T08_rep1	inferred_from_alias	2025-07		data/raw/D8_J1.R1.fq.gz	data/raw/D8_J1.R2.fq.gz			submission_template_only
D8_J2	D8_J2	dna_virome	DNA	groundwater	wet	groundwater:wet	T08	2	D_T08_rep2	inferred_from_alias	2025-07		data/raw/D8_J2.R1.fq.gz	data/raw/D8_J2.R2.fq.gz			submission_template_only
D9_H1	D9_H1	dna_virome	DNA	river	wet	river:wet	T09	1	D_T09_rep1	inferred_from_alias	2025-08		data/raw/D9_H1.R1.fq.gz	data/raw/D9_H1.R2.fq.gz			submission_template_only
D9_H2	D9_H2	dna_virome	DNA	river	wet	river:wet	T09	2	D_T09_rep2	inferred_from_alias	2025-08		data/raw/D9_H2.R1.fq.gz	data/raw/D9_H2.R2.fq.gz			submission_template_only
D9_J1	D9_J1	dna_virome	DNA	groundwater	wet	groundwater:wet	T09	1	D_T09_rep1	inferred_from_alias	2025-08		data/raw/D9_J1.R1.fq.gz	data/raw/D9_J1.R2.fq.gz			submission_template_only
D9_J2	D9_J2	dna_virome	DNA	groundwater	wet	groundwater:wet	T09	2	D_T09_rep2	inferred_from_alias	2025-08		data/raw/D9_J2.R1.fq.gz	data/raw/D9_J2.R2.fq.gz			submission_template_only
R1_H1	R1_H1	rna_virome	RNA	river	dry	river:dry	T01	1	R_T01_rep1	inferred_from_alias	2024-11		data/raw/R1_H1.R1.fq.gz	data/raw/R1_H1.R2.fq.gz			submission_template_only
R1_H2	R1_H2	rna_virome	RNA	river	dry	river:dry	T01	2	R_T01_rep2	inferred_from_alias	2024-11		data/raw/R1_H2.R1.fq.gz	data/raw/R1_H2.R2.fq.gz			submission_template_only
R1_J1	R1_J1	rna_virome	RNA	groundwater	dry	groundwater:dry	T01	1	R_T01_rep1	inferred_from_alias	2024-11		data/raw/R1_J1.R1.fq.gz	data/raw/R1_J1.R2.fq.gz			submission_template_only
R1_J2	R1_J2	rna_virome	RNA	groundwater	dry	groundwater:dry	T01	2	R_T01_rep2	inferred_from_alias	2024-11		data/raw/R1_J2.R1.fq.gz	data/raw/R1_J2.R2.fq.gz			submission_template_only
R2_H1	R2_H1	rna_virome	RNA	river	dry	river:dry	T02	1	R_T02_rep1	inferred_from_alias	2024-12		data/raw/R2_H1.R1.fq.gz	data/raw/R2_H1.R2.fq.gz			submission_template_only
R2_H2	R2_H2	rna_virome	RNA	river	dry	river:dry	T02	2	R_T02_rep2	inferred_from_alias	2024-12		data/raw/R2_H2.R1.fq.gz	data/raw/R2_H2.R2.fq.gz			submission_template_only
R2_J1	R2_J1	rna_virome	RNA	groundwater	dry	groundwater:dry	T02	1	R_T02_rep1	inferred_from_alias	2024-12		data/raw/R2_J1.R1.fq.gz	data/raw/R2_J1.R2.fq.gz			submission_template_only
R2_J2	R2_J2	rna_virome	RNA	groundwater	dry	groundwater:dry	T02	2	R_T02_rep2	inferred_from_alias	2024-12		data/raw/R2_J2.R1.fq.gz	data/raw/R2_J2.R2.fq.gz			submission_template_only
R3_H1	R3_H1	rna_virome	RNA	river	dry	river:dry	T03	1	R_T03_rep1	inferred_from_alias	2025-01		data/raw/R3_H1.R1.fq.gz	data/raw/R3_H1.R2.fq.gz			submission_template_only
R3_H2	R3_H2	rna_virome	RNA	river	dry	river:dry	T03	2	R_T03_rep2	inferred_from_alias	2025-01		data/raw/R3_H2.R1.fq.gz	data/raw/R3_H2.R2.fq.gz			submission_template_only
R3_J1	R3_J1	rna_virome	RNA	groundwater	dry	groundwater:dry	T03	1	R_T03_rep1	inferred_from_alias	2025-01		data/raw/R3_J1.R1.fq.gz	data/raw/R3_J1.R2.fq.gz			submission_template_only
R3_J2	R3_J2	rna_virome	RNA	groundwater	dry	groundwater:dry	T03	2	R_T03_rep2	inferred_from_alias	2025-01		data/raw/R3_J2.R1.fq.gz	data/raw/R3_J2.R2.fq.gz			submission_template_only
R4_H1	R4_H1	rna_virome	RNA	river	dry	river:dry	T04	1	R_T04_rep1	inferred_from_alias	2025-02		data/raw/R4_H1.R1.fq.gz	data/raw/R4_H1.R2.fq.gz			submission_template_only
R4_H2	R4_H2	rna_virome	RNA	river	dry	river:dry	T04	2	R_T04_rep2	inferred_from_alias	2025-02		data/raw/R4_H2.R1.fq.gz	data/raw/R4_H2.R2.fq.gz			submission_template_only
R4_J1	R4_J1	rna_virome	RNA	groundwater	dry	groundwater:dry	T04	1	R_T04_rep1	inferred_from_alias	2025-02		data/raw/R4_J1.R1.fq.gz	data/raw/R4_J1.R2.fq.gz			submission_template_only
R4_J2	R4_J2	rna_virome	RNA	groundwater	dry	groundwater:dry	T04	2	R_T04_rep2	inferred_from_alias	2025-02		data/raw/R4_J2.R1.fq.gz	data/raw/R4_J2.R2.fq.gz			submission_template_only
R5_H1	R5_H1	rna_virome	RNA	river	dry	river:dry	T05	1	R_T05_rep1	inferred_from_alias	2025-03		data/raw/R5_H1.R1.fq.gz	data/raw/R5_H1.R2.fq.gz			submission_template_only
R5_H2	R5_H2	rna_virome	RNA	river	dry	river:dry	T05	2	R_T05_rep2	inferred_from_alias	2025-03		data/raw/R5_H2.R1.fq.gz	data/raw/R5_H2.R2.fq.gz			submission_template_only
R5_J1	R5_J1	rna_virome	RNA	groundwater	dry	groundwater:dry	T05	1	R_T05_rep1	inferred_from_alias	2025-03		data/raw/R5_J1.R1.fq.gz	data/raw/R5_J1.R2.fq.gz			submission_template_only
R5_J2	R5_J2	rna_virome	RNA	groundwater	dry	groundwater:dry	T05	2	R_T05_rep2	inferred_from_alias	2025-03		data/raw/R5_J2.R1.fq.gz	data/raw/R5_J2.R2.fq.gz			submission_template_only
R6_H1	R6_H1	rna_virome	RNA	river	wet	river:wet	T06	1	R_T06_rep1	inferred_from_alias	2025-04		data/raw/R6_H1.R1.fq.gz	data/raw/R6_H1.R2.fq.gz			submission_template_only
R6_H2	R6_H2	rna_virome	RNA	river	wet	river:wet	T06	2	R_T06_rep2	inferred_from_alias	2025-04		data/raw/R6_H2.R1.fq.gz	data/raw/R6_H2.R2.fq.gz			submission_template_only
R6_J1	R6_J1	rna_virome	RNA	groundwater	wet	groundwater:wet	T06	1	R_T06_rep1	inferred_from_alias	2025-04		data/raw/R6_J1.R1.fq.gz	data/raw/R6_J1.R2.fq.gz			submission_template_only
R6_J2	R6_J2	rna_virome	RNA	groundwater	wet	groundwater:wet	T06	2	R_T06_rep2	inferred_from_alias	2025-04		data/raw/R6_J2.R1.fq.gz	data/raw/R6_J2.R2.fq.gz			submission_template_only
R7_H1	R7_H1	rna_virome	RNA	river	wet	river:wet	T07	1	R_T07_rep1	inferred_from_alias	2025-05		data/raw/R7_H1.R1.fq.gz	data/raw/R7_H1.R2.fq.gz			submission_template_only
R7_H2	R7_H2	rna_virome	RNA	river	wet	river:wet	T07	2	R_T07_rep2	inferred_from_alias	2025-05		data/raw/R7_H2.R1.fq.gz	data/raw/R7_H2.R2.fq.gz			submission_template_only
R7_J1	R7_J1	rna_virome	RNA	groundwater	wet	groundwater:wet	T07	1	R_T07_rep1	inferred_from_alias	2025-05		data/raw/R7_J1.R1.fq.gz	data/raw/R7_J1.R2.fq.gz			submission_template_only
R7_J2	R7_J2	rna_virome	RNA	groundwater	wet	groundwater:wet	T07	2	R_T07_rep2	inferred_from_alias	2025-05		data/raw/R7_J2.R1.fq.gz	data/raw/R7_J2.R2.fq.gz			submission_template_only
R8_H1	R8_H1	rna_virome	RNA	river	wet	river:wet	T08	1	R_T08_rep1	inferred_from_alias	2025-07		data/raw/R8_H1.R1.fq.gz	data/raw/R8_H1.R2.fq.gz			submission_template_only
R8_H2	R8_H2	rna_virome	RNA	river	wet	river:wet	T08	2	R_T08_rep2	inferred_from_alias	2025-07		data/raw/R8_H2.R1.fq.gz	data/raw/R8_H2.R2.fq.gz			submission_template_only
R8_J1	R8_J1	rna_virome	RNA	groundwater	wet	groundwater:wet	T08	1	R_T08_rep1	inferred_from_alias	2025-07		data/raw/R8_J1.R1.fq.gz	data/raw/R8_J1.R2.fq.gz			submission_template_only
R8_J2	R8_J2	rna_virome	RNA	groundwater	wet	groundwater:wet	T08	2	R_T08_rep2	inferred_from_alias	2025-07		data/raw/R8_J2.R1.fq.gz	data/raw/R8_J2.R2.fq.gz			submission_template_only
R9_H1	R9_H1	rna_virome	RNA	river	wet	river:wet	T09	1	R_T09_rep1	inferred_from_alias	2025-08		data/raw/R9_H1.R1.fq.gz	data/raw/R9_H1.R2.fq.gz			submission_template_only
R9_H2	R9_H2	rna_virome	RNA	river	wet	river:wet	T09	2	R_T09_rep2	inferred_from_alias	2025-08		data/raw/R9_H2.R1.fq.gz	data/raw/R9_H2.R2.fq.gz			submission_template_only
R9_J1	R9_J1	rna_virome	RNA	groundwater	wet	groundwater:wet	T09	1	R_T09_rep1	inferred_from_alias	2025-08		data/raw/R9_J1.R1.fq.gz	data/raw/R9_J1.R2.fq.gz			submission_template_only
R9_J2	R9_J2	rna_virome	RNA	groundwater	wet	groundwater:wet	T09	2	R_T09_rep2	inferred_from_alias	2025-08		data/raw/R9_J2.R1.fq.gz	data/raw/R9_J2.R2.fq.gz			submission_template_only
