sample_id	group	nucleic_acid	source	season	pair_id	sampling_date	read1	read2	example_only
DNA_RIVER_T01	river:dry	DNA	river	dry	DNA_T01	2000-01-15	data/raw/DNA_RIVER_T01_R1.fastq.gz	data/raw/DNA_RIVER_T01_R2.fastq.gz	TRUE
DNA_GROUNDWATER_T01	groundwater:dry	DNA	groundwater	dry	DNA_T01	2000-01-15	data/raw/DNA_GROUNDWATER_T01_R1.fastq.gz	data/raw/DNA_GROUNDWATER_T01_R2.fastq.gz	TRUE
DNA_RIVER_T02	river:dry	DNA	river	dry	DNA_T02	2000-02-15	data/raw/DNA_RIVER_T02_R1.fastq.gz	data/raw/DNA_RIVER_T02_R2.fastq.gz	TRUE
DNA_GROUNDWATER_T02	groundwater:dry	DNA	groundwater	dry	DNA_T02	2000-02-15	data/raw/DNA_GROUNDWATER_T02_R1.fastq.gz	data/raw/DNA_GROUNDWATER_T02_R2.fastq.gz	TRUE
DNA_RIVER_T03	river:dry	DNA	river	dry	DNA_T03	2000-03-15	data/raw/DNA_RIVER_T03_R1.fastq.gz	data/raw/DNA_RIVER_T03_R2.fastq.gz	TRUE
DNA_GROUNDWATER_T03	groundwater:dry	DNA	groundwater	dry	DNA_T03	2000-03-15	data/raw/DNA_GROUNDWATER_T03_R1.fastq.gz	data/raw/DNA_GROUNDWATER_T03_R2.fastq.gz	TRUE
DNA_RIVER_T04	river:wet	DNA	river	wet	DNA_T04	2000-04-15	data/raw/DNA_RIVER_T04_R1.fastq.gz	data/raw/DNA_RIVER_T04_R2.fastq.gz	TRUE
DNA_GROUNDWATER_T04	groundwater:wet	DNA	groundwater	wet	DNA_T04	2000-04-15	data/raw/DNA_GROUNDWATER_T04_R1.fastq.gz	data/raw/DNA_GROUNDWATER_T04_R2.fastq.gz	TRUE
DNA_RIVER_T05	river:wet	DNA	river	wet	DNA_T05	2000-05-15	data/raw/DNA_RIVER_T05_R1.fastq.gz	data/raw/DNA_RIVER_T05_R2.fastq.gz	TRUE
DNA_GROUNDWATER_T05	groundwater:wet	DNA	groundwater	wet	DNA_T05	2000-05-15	data/raw/DNA_GROUNDWATER_T05_R1.fastq.gz	data/raw/DNA_GROUNDWATER_T05_R2.fastq.gz	TRUE
DNA_RIVER_T06	river:wet	DNA	river	wet	DNA_T06	2000-06-15	data/raw/DNA_RIVER_T06_R1.fastq.gz	data/raw/DNA_RIVER_T06_R2.fastq.gz	TRUE
DNA_GROUNDWATER_T06	groundwater:wet	DNA	groundwater	wet	DNA_T06	2000-06-15	data/raw/DNA_GROUNDWATER_T06_R1.fastq.gz	data/raw/DNA_GROUNDWATER_T06_R2.fastq.gz	TRUE
DNA_RIVER_T07	river:wet	DNA	river	wet	DNA_T07	2000-07-15	data/raw/DNA_RIVER_T07_R1.fastq.gz	data/raw/DNA_RIVER_T07_R2.fastq.gz	TRUE
DNA_GROUNDWATER_T07	groundwater:wet	DNA	groundwater	wet	DNA_T07	2000-07-15	data/raw/DNA_GROUNDWATER_T07_R1.fastq.gz	data/raw/DNA_GROUNDWATER_T07_R2.fastq.gz	TRUE
DNA_RIVER_T08	river:wet	DNA	river	wet	DNA_T08	2000-08-15	data/raw/DNA_RIVER_T08_R1.fastq.gz	data/raw/DNA_RIVER_T08_R2.fastq.gz	TRUE
DNA_GROUNDWATER_T08	groundwater:wet	DNA	groundwater	wet	DNA_T08	2000-08-15	data/raw/DNA_GROUNDWATER_T08_R1.fastq.gz	data/raw/DNA_GROUNDWATER_T08_R2.fastq.gz	TRUE
DNA_RIVER_T09	river:dry	DNA	river	dry	DNA_T09	2000-11-15	data/raw/DNA_RIVER_T09_R1.fastq.gz	data/raw/DNA_RIVER_T09_R2.fastq.gz	TRUE
DNA_GROUNDWATER_T09	groundwater:dry	DNA	groundwater	dry	DNA_T09	2000-11-15	data/raw/DNA_GROUNDWATER_T09_R1.fastq.gz	data/raw/DNA_GROUNDWATER_T09_R2.fastq.gz	TRUE
RNA_RIVER_T01	river:dry	RNA	river	dry	RNA_T01	2000-01-15	data/raw/RNA_RIVER_T01_R1.fastq.gz	data/raw/RNA_RIVER_T01_R2.fastq.gz	TRUE
RNA_GROUNDWATER_T01	groundwater:dry	RNA	groundwater	dry	RNA_T01	2000-01-15	data/raw/RNA_GROUNDWATER_T01_R1.fastq.gz	data/raw/RNA_GROUNDWATER_T01_R2.fastq.gz	TRUE
RNA_RIVER_T02	river:dry	RNA	river	dry	RNA_T02	2000-02-15	data/raw/RNA_RIVER_T02_R1.fastq.gz	data/raw/RNA_RIVER_T02_R2.fastq.gz	TRUE
RNA_GROUNDWATER_T02	groundwater:dry	RNA	groundwater	dry	RNA_T02	2000-02-15	data/raw/RNA_GROUNDWATER_T02_R1.fastq.gz	data/raw/RNA_GROUNDWATER_T02_R2.fastq.gz	TRUE
RNA_RIVER_T03	river:dry	RNA	river	dry	RNA_T03	2000-03-15	data/raw/RNA_RIVER_T03_R1.fastq.gz	data/raw/RNA_RIVER_T03_R2.fastq.gz	TRUE
RNA_GROUNDWATER_T03	groundwater:dry	RNA	groundwater	dry	RNA_T03	2000-03-15	data/raw/RNA_GROUNDWATER_T03_R1.fastq.gz	data/raw/RNA_GROUNDWATER_T03_R2.fastq.gz	TRUE
RNA_RIVER_T04	river:wet	RNA	river	wet	RNA_T04	2000-04-15	data/raw/RNA_RIVER_T04_R1.fastq.gz	data/raw/RNA_RIVER_T04_R2.fastq.gz	TRUE
RNA_GROUNDWATER_T04	groundwater:wet	RNA	groundwater	wet	RNA_T04	2000-04-15	data/raw/RNA_GROUNDWATER_T04_R1.fastq.gz	data/raw/RNA_GROUNDWATER_T04_R2.fastq.gz	TRUE
RNA_RIVER_T05	river:wet	RNA	river	wet	RNA_T05	2000-05-15	data/raw/RNA_RIVER_T05_R1.fastq.gz	data/raw/RNA_RIVER_T05_R2.fastq.gz	TRUE
RNA_GROUNDWATER_T05	groundwater:wet	RNA	groundwater	wet	RNA_T05	2000-05-15	data/raw/RNA_GROUNDWATER_T05_R1.fastq.gz	data/raw/RNA_GROUNDWATER_T05_R2.fastq.gz	TRUE
RNA_RIVER_T06	river:wet	RNA	river	wet	RNA_T06	2000-06-15	data/raw/RNA_RIVER_T06_R1.fastq.gz	data/raw/RNA_RIVER_T06_R2.fastq.gz	TRUE
RNA_GROUNDWATER_T06	groundwater:wet	RNA	groundwater	wet	RNA_T06	2000-06-15	data/raw/RNA_GROUNDWATER_T06_R1.fastq.gz	data/raw/RNA_GROUNDWATER_T06_R2.fastq.gz	TRUE
RNA_RIVER_T07	river:wet	RNA	river	wet	RNA_T07	2000-07-15	data/raw/RNA_RIVER_T07_R1.fastq.gz	data/raw/RNA_RIVER_T07_R2.fastq.gz	TRUE
RNA_GROUNDWATER_T07	groundwater:wet	RNA	groundwater	wet	RNA_T07	2000-07-15	data/raw/RNA_GROUNDWATER_T07_R1.fastq.gz	data/raw/RNA_GROUNDWATER_T07_R2.fastq.gz	TRUE
RNA_RIVER_T08	river:wet	RNA	river	wet	RNA_T08	2000-08-15	data/raw/RNA_RIVER_T08_R1.fastq.gz	data/raw/RNA_RIVER_T08_R2.fastq.gz	TRUE
RNA_GROUNDWATER_T08	groundwater:wet	RNA	groundwater	wet	RNA_T08	2000-08-15	data/raw/RNA_GROUNDWATER_T08_R1.fastq.gz	data/raw/RNA_GROUNDWATER_T08_R2.fastq.gz	TRUE
RNA_RIVER_T09	river:dry	RNA	river	dry	RNA_T09	2000-11-15	data/raw/RNA_RIVER_T09_R1.fastq.gz	data/raw/RNA_RIVER_T09_R2.fastq.gz	TRUE
RNA_GROUNDWATER_T09	groundwater:dry	RNA	groundwater	dry	RNA_T09	2000-11-15	data/raw/RNA_GROUNDWATER_T09_R1.fastq.gz	data/raw/RNA_GROUNDWATER_T09_R2.fastq.gz	TRUE
